transactionHash,fromAddress,fromLabel,fromIsContract,toAddress,toLabel,toIsContract,tokenAddress,type,blockTimestamp,blockNumber,blockHash,tokenName,tokenSymbol,tokenDecimals,unitValue,tokenId,historicalUSD,chain
0xc41491ee4c260b62d5f2e4835e2484e6dbb717494d0a70f4559dfd50fcd71a62,0x0D0707963952f2fBA59dD06f2b425ace40b492Fe,Gate.io: Hot Wallet (0x0D0),false,0xC13fD7748a6885720ceB172Ca36b76E11b626DEc,OpenSea User (0xC13),false,0x761D38e5ddf6ccf6Cf7c55759d5210750B5D60F3,token,2025-03-24T03:00:47Z,22113937,0x47680214235296855e37430b99b9d364c835737ab757699f758e669511f0c3b1,Dogelon,ELON,18,29971491815.512104,dogelon-mars,4240.546491009545,ethereum
0x73bf556df51805751019c8283085847443d8249cd5612e7ab285209f6cb7b1fb,0xB34eFC63526430C8bc5F764AD805419C54fd672e,Gate.io Deposit (0xB34),false,0x0D0707963952f2fBA59dD06f2b425ace40b492Fe,Gate.io: Hot Wallet (0x0D0),false,0x761D38e5ddf6ccf6Cf7c55759d5210750B5D60F3,token,2025-03-24T02:21:47Z,22113742,0xcd831ffb557b268b8c0b8221cd8fd2656de7b7617ed857f23eaecb693ed77827,Dogelon,ELON,18,147449589777.0426,dogelon-mars,20931.79631515919,ethereum
0xdc048ea5f29be1bb765b143073ebc207d5818921d1611e4b8729f054f0e11ba5,0x0D0707963952f2fBA59dD06f2b425ace40b492Fe,Gate.io: Hot Wallet (0x0D0),false,0x4e97a5973201e5A58CaCd28eBa0b82f9E8e9bd88,KuCoin Deposit (0x4e9),false,0x761D38e5ddf6ccf6Cf7c55759d5210750B5D60F3,token,2025-03-24T01:52:35Z,22113596,0x4635ff596149fdae40939e8ee829d42504007ce64915f7c15b0c486a37a47833,Dogelon,ELON,18,104000000017.1,dogelon-mars,14732.848002422419,ethereum
0x80e5a0d5eeda99108be2f52fffd30d2fdb89d543d2dd2a6c678520bc795da169,0x0D0707963952f2fBA59dD06f2b425ace40b492Fe,Gate.io: Hot Wallet (0x0D0),false,0x8Cee98d8A7B193Df071F2aB53c3Dce1F6a0594Da,Crypto.com Deposit (0x8Ce),false,0x761D38e5ddf6ccf6Cf7c55759d5210750B5D60F3,token,2025-03-24T01:36:23Z,22113516,0xc994f3211599fd1bd2927978a6aea332505c1d91a61a06d834a0be4ed51d9568,Dogelon,ELON,18,38239763377.1,dogelon-mars,5417.733195740774,ethereum
0x38b17bc56cb3d19f79e196f14c70ef34f85d34988706686934ea7439110d10d6,0x0D0707963952f2fBA59dD06f2b425ace40b492Fe,Gate.io: Hot Wallet (0x0D0),false,0x5D642db014aA8649aaDA2F73b25a357EA3524da1,Crypto.com Deposit (0x5D6),false,0x761D38e5ddf6ccf6Cf7c55759d5210750B5D60F3,token,2025-03-23T18:49:59Z,22111490,0xbc4a304e5b148e3e0e82675022fc7aa14985ffc016fb5eb30d1e14e80f1de746,Dogelon,ELON,18,106143760590.2344,dogelon-mars,15082.179229787587,ethereum
0x27bc2bb2e707614f1e91eec8fc856479be6043aa45757848ae45217a4bfa2bd1,0x0D0707963952f2fBA59dD06f2b425ace40b492Fe,Gate.io: Hot Wallet (0x0D0),false,0x23dcaDEEdd293428E837b79F489dD64cCed27811,OKX Deposit (0x23d),false,0x761D38e5ddf6ccf6Cf7c55759d5210750B5D60F3,token,2025-03-23T15:03:23Z,22110365,0x026188eb98fce4c66c6d4beeb6d469731a15c84afbb9ab802d39ba6c70d77eb3,Dogelon,ELON,18,174737389595.5031,dogelon-mars,25200.10211529467,ethereum
0x2eeb91c02aa341c7c8f9eb34bef1ce8e4a09ad51342827e9554a824968c82a5a,0x0D0707963952f2fBA59dD06f2b425ace40b492Fe,Gate.io: Hot Wallet (0x0D0),false,0x87b084887e35AB2A6AaE5bf609312b3541967B37,0x87b084887e35AB2A6AaE5bf609312b3541967B37,false,0x761D38e5ddf6ccf6Cf7c55759d5210750B5D60F3,token,2025-03-23T13:12:47Z,22109815,0x0052c632e3494de1cb720aa58e4417428b9d48df6030c8a6c2e56508fa1def9d,Dogelon,ELON,18,665708134.244,dogelon-mars,95.82802021628954,ethereum
0x7d165e7d1ec43ec89a8e33430be597833a2bf2750a6b5dfc60b1f61ec09880a5,0x0D0707963952f2fBA59dD06f2b425ace40b492Fe,Gate.io: Hot Wallet (0x0D0),false,0xDe1Cc0F7C19aA3c4AC1DA478CC403fc4d452c40E,0xDe1Cc0F7C19aA3c4AC1DA478CC403fc4d452c40E,false,0x761D38e5ddf6ccf6Cf7c55759d5210750B5D60F3,token,2025-03-23T08:52:47Z,22108517,0x5e9c18d38a0e540a5ed402d38ec766d6ad51a789e393449242191e827840e409,Dogelon,ELON,18,180694845.76200002,dogelon-mars,25.96512655661635,ethereum
0x97f979a45b717877c15b892bba2732218f8c1ed81ba50fac1f559e3480e38512,0x0D0707963952f2fBA59dD06f2b425ace40b492Fe,Gate.io: Hot Wallet (0x0D0),false,0xb1b2d032AA2F52347fbcfd08E5C3Cc55216E8404,0xb1b2d032AA2F52347fbcfd08E5C3Cc55216E8404,false,0x761D38e5ddf6ccf6Cf7c55759d5210750B5D60F3,token,2025-03-23T01:55:35Z,22106438,0xcb8f7ee290d794c711e3b4f7a15e85abdcaff6b7dee6cd71320defe7d9ac891f,Dogelon,ELON,18,12840581345.1,dogelon-mars,1812.0371582578218,ethereum
0xfcda19d2123411d252191d0794225210594279d64cc1c9d7baf6905e0c90fb5d,0x0D0707963952f2fBA59dD06f2b425ace40b492Fe,Gate.io: Hot Wallet (0x0D0),false,0x8Cee98d8A7B193Df071F2aB53c3Dce1F6a0594Da,Crypto.com Deposit (0x8Ce),false,0x761D38e5ddf6ccf6Cf7c55759d5210750B5D60F3,token,2025-03-23T01:38:11Z,22106351,0xf245d5b048739623448a5976253b7c6cc3d388243d6118eede37918a460f6e48,Dogelon,ELON,18,44346763377.10999,dogelon-mars,6263.448165856262,ethereum
0x5a54fcd39434a40ba8596586af375d2f7b797f5360474a56a22311c64de56211,0x0D0707963952f2fBA59dD06f2b425ace40b492Fe,Gate.io: Hot Wallet (0x0D0),false,0x87b084887e35AB2A6AaE5bf609312b3541967B37,0x87b084887e35AB2A6AaE5bf609312b3541967B37,false,0x761D38e5ddf6ccf6Cf7c55759d5210750B5D60F3,token,2025-03-22T19:45:47Z,22104596,0x06ce268354212ec5f13bdc99e1cdf1ef3dfaf18b5bf00cd184df0181c135b041,Dogelon,ELON,18,690114707.2759999,dogelon-mars,98.21850536893486,ethereum
0xb8bc61fe020fe47c970e60622260c02872b9c89e5d1bf6b1d5dda4e55fa1b5ed,0x0D0707963952f2fBA59dD06f2b425ace40b492Fe,Gate.io: Hot Wallet (0x0D0),false,0xb1b2d032AA2F52347fbcfd08E5C3Cc55216E8404,0xb1b2d032AA2F52347fbcfd08E5C3Cc55216E8404,false,0x761D38e5ddf6ccf6Cf7c55759d5210750B5D60F3,token,2025-03-22T17:51:11Z,22104026,0x3a55f2a088ab55b07563ae956f8e93387b3663756568d90efbeaa4f1bea8c0e8,Dogelon,ELON,18,7613388716.1,dogelon-mars,1090.7778147443632,ethereum
0x9fd40e849b21d198c3573c4d5d11b78a09d8e0089d27219a018e1ab6a52f88bc,0x0D0707963952f2fBA59dD06f2b425ace40b492Fe,Gate.io: Hot Wallet (0x0D0),false,0xb1b2d032AA2F52347fbcfd08E5C3Cc55216E8404,0xb1b2d032AA2F52347fbcfd08E5C3Cc55216E8404,false,0x761D38e5ddf6ccf6Cf7c55759d5210750B5D60F3,token,2025-03-22T15:02:47Z,22103186,0x0b8555f9329324bf80bb21461213ed13dc1b9569293f94534f6456481f93ffc6,Dogelon,ELON,18,7924171557.1,dogelon-mars,1147.0238328902249,ethereum
0xfa14b99856daae91879b9d07963ecefe3203553337021fd85e2ca34e71c8e9d8,0x0D0707963952f2fBA59dD06f2b425ace40b492Fe,Gate.io: Hot Wallet (0x0D0),false,0xb1b2d032AA2F52347fbcfd08E5C3Cc55216E8404,0xb1b2d032AA2F52347fbcfd08E5C3Cc55216E8404,false,0x761D38e5ddf6ccf6Cf7c55759d5210750B5D60F3,token,2025-03-22T15:02:11Z,22103183,0xaa38e5d3d5500352607f774a70f7d962ab364928ae64b2f46ad3b0c06a976390,Dogelon,ELON,18,14583765935.1,dogelon-mars,2111.000119105725,ethereum
0xd5c00bece244588721698579dbdc1a404f3e56d590344519e2b3cc51c6b34d10,0xB34eFC63526430C8bc5F764AD805419C54fd672e,Gate.io Deposit (0xB34),false,0x0D0707963952f2fBA59dD06f2b425ace40b492Fe,Gate.io: Hot Wallet (0x0D0),false,0x761D38e5ddf6ccf6Cf7c55759d5210750B5D60F3,token,2025-03-22T10:21:59Z,22101789,0xb17947d6784d6276a5af1e2aa9dcbf8e7945ddadfd98f41fe22d6da48473df43,Dogelon,ELON,18,79912785371.0026,dogelon-mars,11661.51294361967,ethereum
0x2a53039ce6e302d4a1b44abdfcfb460cacce3078eaf6fdf6be5d508af1f049ec,0xB34eFC63526430C8bc5F764AD805419C54fd672e,Gate.io Deposit (0xB34),false,0x0D0707963952f2fBA59dD06f2b425ace40b492Fe,Gate.io: Hot Wallet (0x0D0),false,0x761D38e5ddf6ccf6Cf7c55759d5210750B5D60F3,token,2025-03-22T04:21:35Z,22100000,0xd6cc4a21316a8b9923b6a4480a76b253acce9a17352dce1f3cb07cac41890fb6,Dogelon,ELON,18,89311775169.48975,dogelon-mars,12862.324612809236,ethereum